Department,faculty name
Deanship of Admissions & Registration,Samir Nadir Mekid
Deanship of Admissions & Registration,Mohammad Ahmad Ilyas Mohammad Abdul-malek
Deanship of Admissions & Registration,Murat Cetin
Architecture,Fahad A.M Al-Said
Architecture,jamal Al-Qawasmi
Architecture,Dr. Abdulgader Amir
Architecture,Rabee M. Reffat
Architecture,Dr. Thamer A. Al-Rugaib
Architecture,Khaled Sherbini
Architecture,Dr. Ahmed Sedky
Architecture,Omar Esam Al-Mahdy
Architecture,Yahya Al-Najjar
Architecture,Dr Shaibu Bala Garba
Architecture,Mr. Hassan M. Annazhah
Architecture,Mohammad Sharif Zami
Architecture,Mohammad Omar Babsail
Architecture,Omar Asfour
Architecture,A K M Kausarul Islam
Architecture,Ahmed Mohsen Sabry Abd El Fattah
Architecture,Jasim Azhar
Architecture,Mahmoud Hallak
Architecture,Nicola Delledonne
Architecture,Shamim Javed
Architectural Engineering,"Dr. Abdul-Mohsen, Al-Hammad"
Architectural Engineering,"Dr. Ismail, Budaiwi"
Architectural Engineering,"Dr. Sami, Khaiyat"
Architectural Engineering,"Dr. Mohammad, Al-Homoud"
Architectural Engineering,"Mr. Sabeer, Hamid"
Architectural Engineering,"Dr. Mohammad, Hassanain"
Architectural Engineering,"Dr. Hamoud, Dehwah"
Architectural Engineering,"Mr. Hassan, Balfaqih"
Architectural Engineering,"Dr. Maatouk, Khoukhi"
Architectural Engineering,"Dr. Adel, Abdou"
Architectural Engineering,Hassan Saeed Khan
Architectural Engineering,Djamel Ouis
Architectural Engineering,Adel Alshibani
Architectural Engineering,Mohammed Alhaji Mohammed
Architectural Engineering,Daeung Kim
Architectural Engineering,Mansour Mohammed Alhazmi
Architectural Engineering,Muhammad Asif
Civil Engineering,Fahd H.Dakhil
Civil Engineering,Dr. Maher A. Bader
Civil Engineering,Dr. Talat A. Bader
Civil Engineering,Dr. Rashid Allayla
Civil Engineering,radwan
Civil Engineering,Dr.Mustafa Y. Al-Mandil
Civil Engineering,Alfarabi Sharif
Civil Engineering,Dr. Shukri al-Senan
Civil Engineering,saleh a.almana
Civil Engineering,"AL-GAHTANI, AHMAD SAAD"
Civil Engineering,hamad
Civil Engineering,Dr. Muhammad H. Al-Malack
Civil Engineering,Dr. Saeid A. Alghamdi
Civil Engineering,Dr. Naser A. Al-Shayea
Civil Engineering,saiban
Civil Engineering,Dr.Hasan M. Al-Ahmadi
Civil Engineering,Dr. Hamdan Al-Ghamedy
Civil Engineering,mohammad al-suwaiyan
Civil Engineering,Dr. Nedal T. Ratrout
Civil Engineering,Dr. Salah Uthman Al-Dulaijan
Civil Engineering,Dr. Khalaf Aidhah Al-Ofi
Civil Engineering,Dr. Mohammad Ali Al-Sughaiyer
Civil Engineering,Husain J. Al-Gahtani
Civil Engineering,Ali Khamis AL-Yousef
Civil Engineering,Dr. Mesfer M. Al-Zahrani
Civil Engineering,Dr. Muhammad Al-Zahrani
Civil Engineering,Alaadin A. Bukhari
Civil Engineering,Dr. Omar Saeed Baghabra Al-Amoudi
Civil Engineering,Abul K. Azad
Civil Engineering,Dr.Achi Mohamed Ishaq
Civil Engineering,Ali Hussain Al-Ghadib
Civil Engineering,Omar Al-Attas
Civil Engineering,Dr. Shamshad Ahmad
Civil Engineering,Muhammad Vohra
Civil Engineering,Abdulrahman Khathlan
Civil Engineering,Mirza Ghouse Baig
Civil Engineering,Abdul-Hamid J. Al-Tayyib
Civil Engineering,Walid Abubaker Al-Kutti
Civil Engineering,Mostefa Bouchama
Civil Engineering,Dr. Mohammed Balush
Civil Engineering,Mohammed Hussain Essa
Civil Engineering,Ibrahim Yousef Saleh Al-Saghan
Civil Engineering,Md. Shakhawat Hossain Chowdhury
Civil Engineering,Md. Arifuzzaman
Civil Engineering,Ahmed Abdelrahman Abdelmaksoud Ibrahim
Civil Engineering,Abbas Ahmed Ibrahim Albu Shaqraa
Civil Engineering,Mohammed Ali Mohammed Alosta
Construction Engineering and Management,Dr. ABdulaziz A. bubshait
Construction Engineering and Management,Dr Soliman Almohawis
Construction Engineering and Management,Mohammed Alkhalil
Construction Engineering and Management,Prof. Osama Jannadi
Construction Engineering and Management,Prof. Sadi Assaf
Construction Engineering and Management,MOHAMMED S JALALUDDIN
Construction Engineering and Management,Ashraf Elazouni
Construction Engineering and Management,Dr. Ali A. Shash
Construction Engineering and Management,Mohsin Khalid Siddiqui
Construction Engineering and Management,Bambang Trigunarsyah Suhariadi
Construction Engineering and Management,Azzam Abdullah Alrajhi
Chemical Engineering,Dr. Dulaihan K. Al-Harbi
Chemical Engineering,Dr. Mohammad A. Abul-Hamayel
Chemical Engineering,Dr. Nureddin M. Abbas
Chemical Engineering,DR Mazen Al-Shalabi
Chemical Engineering,Dr. Mohamed. B. Amin
Chemical Engineering,Adnan Al-Amer
Chemical Engineering,Dr. Abdullah A. Shaikh
Chemical Engineering,Dr. Habib Hussain Al-Ali
Chemical Engineering,Dr. Nadhir A. Al-Baghli
Chemical Engineering,Dr. Sulaiman Al-Khattaf
Chemical Engineering,Dr. Muhammad Al-Arfaj
Chemical Engineering,Esam Z Hamad
Chemical Engineering,ASHRAFHUSEIN i. FATEHI
Chemical Engineering,Nasir M. Tukur
Chemical Engineering,Ramazan Kahraman
Chemical Engineering,Dr. S. U. Rahman
Chemical Engineering,Basel Abu-Sharkh
Chemical Engineering,Dr. Ibnelwaleed A. Hussein
Chemical Engineering,Raafat Alnaizy
Chemical Engineering,Halim Hamid Redhwi
Chemical Engineering,Dr. Usamah A. Al-Mubaiyedh
Chemical Engineering,"Maadhah, Ali G."
Chemical Engineering,Dr Muhammad Al-Saleh
Chemical Engineering,kamal E. A. Mahgoub
Chemical Engineering,Dr. Kevin F. Loughlin
Chemical Engineering,Habib Zughbi
Chemical Engineering,Dr. Abdulhadi Al-Juhani
Chemical Engineering,Javaid SM. Zaidi
Chemical Engineering,Dr. Mmadouh Al-Harthi
Chemical Engineering,Dr. Reyad Awwad Shawabkeh
Chemical Engineering,Dr. Naim M. Faqir
Chemical Engineering,Dr. MUATAZ ALI ATIEH
Chemical Engineering,Basim Ahmed Abussaud
Chemical Engineering,Mohammed Awwal Suleiman
Chemical Engineering,Dr. Eid M. Al-Mutairi
Chemical Engineering,Abduallah Mohsen Baduraig
Chemical Engineering,Oki Muraza
Chemical Engineering,Mohammad Shamsuzzoha
Chemical Engineering,Housam Binous
Chemical Engineering,Amjad Ashfaque Shaikh
Chemical Engineering,Mohammad Mozahar Hossain
Chemical Engineering,Shaikh Abdur Razzak
Chemical Engineering,Nabeel Salem Abo-Ghander
Chemical Engineering,Faysal Mohammad Mansour Al-Khulaifi
Chemical Engineering,Nayef Mesnad Alsaifi
Chemical Engineering,Ali Saleh Alshami
Chemical Engineering,Zuhair Omar Malyabari
Chemical Engineering,Isa Ataallah Saeed Al Aslani
Chemical Engineering,Mustafa Saleh Nasser
Chemical Engineering,Isam Hasan Fahed Al-Jundi
Chemical Engineering,Abdulhadi Abdullah Hassan Al-Zahrani
Chemical Engineering,Farrukh Shehzad
Chemical Engineering,Umer Zahid Muhammad Zahid Hassan
Chemical Engineering,Mohammed Ahmed Sanhoob
Chemical Engineering,Mohammed Fahad Al-Khater
Chemical Engineering,Robin Simon Macpherson Chrystie
Chemistry,Prof. M. Z. El-Faer
Chemistry,Abdulaziz A. Suwaiyan
Chemistry,Dr. Abdullah J. Hamdan
Chemistry,Abdul Rahman Al-Arfaj
Chemistry,Dr. Assad Al-Thukair
Chemistry,Hasan Al-Muallem
Chemistry,Jameel Al-Thagfi
Chemistry,Abdul-Rahman Al-Betar
Chemistry,Professor Dr. Salah M Sultan
Chemistry,Dr. Mohammad Nahid Siddiqui
Chemistry,Dr. M. A. Morsy
Chemistry,Dr. Mazen Khaled
Chemistry,Mohammed. Fettouhi
Chemistry,Bassam El Ali
Chemistry,Dr. Zaki S. Seddigi
Chemistry,Prof. Dr. Abdalla Abulkibash
Chemistry,Dr. Mohammed TAriq Saeed
Chemistry,Prof. Jimmy S. Hwang
Chemistry,Prof. Mohamed I. M. Wazeer
Chemistry,Ali El-Said El-Rayyes
Chemistry,Dr.Mohammad Waqar Ashraf
Chemistry,"Dr. Than Htun, Maung"
Chemistry,Dr. Ghassan Oweimreen
Chemistry,Dr. Mohammed A. Al-Daous
Chemistry,Prof. Shaikh Asrof Ali
Chemistry,ABDUL MUTTALEB YOUSEFJABER
Chemistry,Dr. Anvarhusein A. Isab
Chemistry,Hassan Mohamed Badawi
Chemistry,Dr. Herman Perzanowski
Chemistry,Dr. Ian Forristal
Chemistry,Ahmed Baker Al-Harbi
Chemistry,Dr. Wolfgang Foerner
Chemistry,Abdulaziz Al-Saadi
Chemistry,Dr. Bassam Alameddine
Chemistry,Abdel-Nasser Kawde
Chemistry,Nisar Ullah
Chemistry,khalid R Alhooshani
Chemistry,Basheer Chanbasha
Chemistry,Mohammad Raziq Al Imam
Chemistry,Oussama El-Bjeirami
Chemistry,Amer Adnan Samih El-Batta
Chemistry,Musa Mohammed Musa
Chemistry,Nouri Mohamed Hassan
Chemistry,Md. Hasan Zahir
Chemistry,Mohammed Nasiruzzaman Shaikh
Chemistry,Salim Ok
Chemistry,Muhammad Yar
Chemistry,Abdullah Faisal Abdullah Al-Ahmadi
Chemistry,Alexis Nzila Mouanda
Chemistry,Mohammad Abu Jafar Mazumder
Chemistry,Abdul Malik Puthan Peedikakkal
Chemistry,Othman Sadeq othman Al Hamouz
Chemistry,Thaer Ali Barri
Chemistry,Tawfik Abdo Saleh Awadh
Chemistry,Thomas Frederick Garrison
Chemistry,Almaz Jalilov
Chemistry,Ali Rinaldi Bin Anand
Chemistry,Sulayman Adeyemi Oladepo
Chemistry,Muhammad Sharif
Chemistry,Abdul Rehman
Computer Engineering,Dr Adnan Abdul-Aziz Gutub
Computer Engineering,Muhammad Mahmoud
Computer Engineering,Yahya E. Osais
Computer Engineering,Uthman Al-Saiari
Computer Engineering,Masud-ul-Hasan
Computer Engineering,Nizar Mabroukeh
Computer Engineering,Taha Landolsi
Computer Engineering,Syed Zafar Shazli
Computer Engineering,Yau Isa Garba
Computer Engineering,Tarek Sheltami
Computer Engineering,Talal M. ALkharobi
Computer Engineering,Dr. Muhamed F. Mudawar
Computer Engineering,Aleem Khalid Alvi
Computer Engineering,Radwan El-Said Abdel-Aal
Computer Engineering,Mohammed K. Al Ghuson
Computer Engineering,Ahmad A. Al-Yamani
Computer Engineering,Dr. Sadiq S. Mohammed
Computer Engineering,"Dr. Bouhraoua, Abdelhafid"
Computer Engineering,"Mr. Adiche, Hakim Salah"
Computer Engineering,"Dr. El-Maleh, Aiman Helmi"
Computer Engineering,"Dr. Al-Mulhem, Abdulaziz Sultan Ibrahim"
Computer Engineering,"Dr. Al-Najjar, Atef Jawad"
Computer Engineering,"Dr. Amin, Alaaeldin Abdul Monem"
Computer Engineering,"Dr. Naseer, Abdul Rahim"
Computer Engineering,"Dr. Mahmoud, Ashraf Sharif Hasan"
Computer Engineering,"Dr. Elrabaa, Mohamed Elnasir Salaheddin"
Computer Engineering,"Mr. Selmi, Hazem Helmi Muhareb"
Computer Engineering,"Mr. Chenaoua, Kamel"
Computer Engineering,"Mr. Alawami, Louai Adnan"
Computer Engineering,"Dr. Al-Mouhamed, Mayez"
Computer Engineering,"Dr. Abd-El-Barr, Mostafa Ibrahim Hassanin"
Computer Engineering,"Mr. Raad, Muhammad Wassim"
Computer Engineering,"Dr. Sqalli, Mohammed Houssaini"
Computer Engineering,"Dr. Baroudi, Uthman Abdul-Rahman"
Computer Engineering,Dr. Basem AL-Madani
Computer Engineering,Ahmad Almulhem
Computer Engineering,Bambang A.B. Sarif
Computer Engineering,Dr. Marwan Abu-Amara
Computer Engineering,Abdulaziz S. Tabakh
Computer Engineering,Zubair Ahmed Baig
Computer Engineering,Hosam Khaled Rowaihy
Computer Engineering,Abdulaziz Yaagoub Barnawi
Computer Engineering,Mohammad Abdurazzak Shafai Felemban
Computer Engineering,Ahmad Muhammad Ghazali Khayyat
Computer Engineering,Saleh Ahmed AlSaleh
City and Regional Planning,Dr. Habib M. Alshuwaikhat
City and Regional Planning,Ali S. Al-Naser
City and Regional Planning,Dr. Adel S. Aldosary
City and Regional Planning,Saad Al-Mubayedh
City and Regional Planning,Dr. Baqer Al-Ramadan
City and Regional Planning,Kh. Md. Nahiduzzaman
City and Regional Planning,Muhammad Tauhidur Rahman
City and Regional Planning,Jayprakash Shivarudrappa Chadchan
City and Regional Planning,Abdulaziz Majed Alqadhib
City and Regional Planning,Bader Muzahim Bajaber
City and Regional Planning,Tae Hyoung Gim
City and Regional Planning,Yose Kadrin
City and Regional Planning,Turki Nasser Alomeer
Preparatory Year Program,shaher arafeh
Preparatory Year Program,Akram Ahmad
Preparatory Year Program,Sayed Omar
Preparatory Year Program,Husam Sharqawi
Preparatory Year Program,Balarabe Yushau
Preparatory Year Program,George Raburu
Preparatory Year Program,Eddie Uprichard
Preparatory Year Program,Khalid Saifullah
Preparatory Year Program,Abujiya Ramat Muázu
Preparatory Year Program,"Alaimia, Mohamed Ridha"
Preparatory Year Program,bayram demir
Preparatory Year Program,Ahmad Al-Zoubi
Preparatory Year Program,colin fry
Preparatory Year Program,jameson
Preparatory Year Program,Sean Dowling
Preparatory Year Program,J.C. Williams
Preparatory Year Program,Elyas Al-Shawish
Preparatory Year Program,Christopher Morris
Preparatory Year Program,Johnny H. Miller
Preparatory Year Program,Stephen Jones
Preparatory Year Program,Ian Deacon
Preparatory Year Program,Andrew McKay
Preparatory Year Program,Tylor Burrows
Preparatory Year Program,Muhammad Ali Khan
Preparatory Year Program,Dan Oxley
Preparatory Year Program,Jeffrey Gibbons
Preparatory Year Program,Akram Read Morsy
Preparatory Year Program,David Malcolm Berry
Preparatory Year Program,Wesley Joseph Cowan
Preparatory Year Program,Anthony Julian Odell
Preparatory Year Program,Thomas Daly
Preparatory Year Program,Denis Hoppe
Preparatory Year Program,Ashraf Mohamed Samir Farahat
Preparatory Year Program,Naji Fahmi Mohammad Ibrahim
Preparatory Year Program,Tayseer Rafe Mohammad Abu Alrub
Preparatory Year Program,David Robert Jones
Preparatory Year Program,Gregory Scott Samuelson
Preparatory Year Program,Scott Gary Surran
Preparatory Year Program,Joseph Jonathan Yardley
Preparatory Year Program,Maxwell James Heineck
Preparatory Year Program,David Snow
Preparatory Year Program,Shah Saud Alam
Preparatory Year Program,Faraz Jamshaid Ali Baber
Preparatory Year Program,Stephen Wright
Preparatory Year Program,Mohammad Bilal Ahmed
Preparatory Year Program,Dominick Joseph Antonucci
Preparatory Year Program,Ahmed Mahdi Muqbil Ahmed
Electrical Engineering,Dr. Talal Omar Halawani
Electrical Engineering,Samir H. Abdul-Jauwad
Electrical Engineering,"Dr. Alakhdhar, S. Z."
Electrical Engineering,Dr. Omar Abdallah Al-Swailem
Electrical Engineering,Dr. H. A. Jamid
Electrical Engineering,Ibrahim O Habiballah
Electrical Engineering,Dr. Husain M. Masoudi
Electrical Engineering,Saud A. Al-Semari
Electrical Engineering,Abdallah Al-Ahmari
Electrical Engineering,Saad Al-Shaharani
Electrical Engineering,Ali Ahmad Al-Shaikhi
Electrical Engineering,Dr. Salam Adel Zummo
Electrical Engineering,Saad S. Al-Ubaidi
Electrical Engineering,Hesham Muhammad Al-Salman
Electrical Engineering,Rakan A. Al-Ohali
Electrical Engineering,Mohammad K. Al-Ghamdi
Electrical Engineering,SAAD M A AL-AHMADI
Electrical Engineering,Dr. Ibrahim El-Amin
Electrical Engineering,Youssef L. Abdel-Magid
Electrical Engineering,Ahmed Yamani
Electrical Engineering,Maan A. Kousa
Electrical Engineering,Azzedine Zerguine
Electrical Engineering,Dr Mohammad A. Abido
Electrical Engineering,Umar M. Johar
Electrical Engineering,Sheikh Sharif Iqbal
Electrical Engineering,Noman Ali Tasadduq
Electrical Engineering,Dr. Abdelmalek Zidouri
Electrical Engineering,Abul Bashar
Electrical Engineering,Ahmar Shafi
Electrical Engineering,Asrar Ul Haq Sheikh
Electrical Engineering,M Mosaddequr Rahman
Electrical Engineering,Muhammad Ajmal Khan
Electrical Engineering,Dr M Deriche
Electrical Engineering,MOHAMMED ABDUL MAJID
Electrical Engineering,Kamran Arshad
Electrical Engineering,abdelouahab bentrcia
Electrical Engineering,Mohammad Nuruzzaman
Electrical Engineering,Mohammed Hamed Shwehdi
Electrical Engineering,Jamil M. Bakhashwain
Electrical Engineering,Dr. Haitham Tayyar
Electrical Engineering,Dr. Adil S. Balghonaim
Electrical Engineering,Dr. Samir A. AL-Baiyat
Electrical Engineering,Yasir Haroon Awan
Electrical Engineering,Dr.A.H.Abdur-Rahim
Electrical Engineering,Ali Taleb Al-Awami
Electrical Engineering,Dr. Ahmad A. Masoud
Electrical Engineering,"Al-Saihati, Ibrahim"
Electrical Engineering,Dr. Mahmoud M. Dawoud
Electrical Engineering,Dr. Al-Gahtani Muhammad Ali
Electrical Engineering,Dr. Alaa El-Din Hussein
Electrical Engineering,mohamed mohandes
Electrical Engineering,Dr. Munir A. Al-Absi
Electrical Engineering,Ali Hussein Muqaibel
Electrical Engineering,Zakariya Al-Hamouz
Electrical Engineering,Dr. Essam E. Hassan
Electrical Engineering,Dr. Hussain Alzaher
Electrical Engineering,Mihammad Fareed Kandlawala
Electrical Engineering,Ahmed Abul Hussain
Electrical Engineering,Dr. Wajih A. Abu-Al-Saud
Electrical Engineering,Dr. M. Kassas
Electrical Engineering,Dr. Hussain Al-Duwaish
Electrical Engineering,Dr. Mohammad Alsunaidi
Electrical Engineering,Mohammad Al-Muhaini
Electrical Engineering,Chokri Belhaj Ahmed
Electrical Engineering,Dr. Tareq Al-Naffouri
Electrical Engineering,Hassan Ali Ragheb
Electrical Engineering,Kashif Mahmood
Electrical Engineering,Dr. Samir Al-Ghadhban
Electrical Engineering,Abdel-aal Hassan Mantawy
Electrical Engineering,Yahya Al-Harthi
Electrical Engineering,Syed Saad Azhar Ali
Electrical Engineering,Mohammad Adnan Al-Andalusi
Electrical Engineering,Dr. M. Taher Abuelmaatti
Electrical Engineering,Khaled AlQahtani
Electrical Engineering,"Mohamed, Mohamed Syed Mansour"
Electrical Engineering,Badr Mohamed Abdullah
Electrical Engineering,Wail Abdalhakeem Mousa Mousa
Electrical Engineering,Mohamed Abdul Haleem
Electrical Engineering,Syed Zeeshan Rizvi
Electrical Engineering,Khurram Karim Qureshi
Electrical Engineering,Ahmed Abdul Quadeer
Electrical Engineering,Muhammad Saqib Sohail
Electrical Engineering,Badr Hamad Aldohan
Electrical Engineering,Yaqub Alhussain Yahya Mahnashi
Electrical Engineering,Wessam Ali Mesbah
Electrical Engineering,Oualid Hammi
Electrical Engineering,Abeida Habti
Electrical Engineering,Abdullah Mohammed Saeed Al-Garni
Electrical Engineering,Ubaid Muhsen Al-Saggaf
Electrical Engineering,Fahad Saleh Mohammed Al-Ismail
Electrical Engineering,Hakan Koroglu
Electrical Engineering,Abdullah Faisal Al-Battal
Electrical Engineering,Kamal Menwal Harb
Electrical Engineering,Zainulabideen Jamal Ahmad Khalifa
Electrical Engineering,Raj Mittra
Electrical Engineering,Motaz Abdulrahman Al Farraj
Electrical Engineering,Mohammad Saleh Alhassoun
Electrical Engineering,Eyas Saleh ِAbdulaziz Al-Suhaibani
Electrical Engineering,Salim Ibrir
Electrical Engineering,Ashraf Ali Mohammad Ali
Electrical Engineering,Suhail Ibrahim Al-Dharrab
Electrical Engineering,Abdullah Mohammed ِِAbdulrahman Alothman
Electrical Engineering,Mohammed Zahed Mustafa Khan
Electrical Engineering,Jhonathan Prieto Rojas
Electrical Engineering,Hussein Mahmoud Abdelsalam Attia
Electrical Engineering,Ali Arshad Nasir
Electrical Engineering,Abdulaziz Mohammed H Qwbaiban
Electrical Engineering,Feras Mohamad Ameer Al Dirini
Electrical Engineering,Hesham Mahmoud Medhat Mahmoud Elsawy
Electrical Engineering,Abdulaziz Ahmed Suwaiyan Al-khulaifi
Electrical Engineering,Abdullah Laiq Shah
Electrical Engineering,Mohamed Atta Ahmed Abdulgalil
Electrical Engineering,Fahhad Hussain Alharbi
Electrical Engineering,Anas Mohamed Aatef Ata Salhab
Electrical Engineering,Bo Liu
Electrical Engineering,Muhammad Khalid
Electrical Engineering,Mudassir Masood Masood Ali
Electrical Engineering,Naveed Iqbal
Electrical Engineering,Aboubakr Salem Mohamed Salem
Earth Sciences,Khattab Ghaleb Al-Hinai
Earth Sciences,Dr. Waleed M. R. Abdulghani
Earth Sciences,Ali Mohammed Al-Ghamdi
Earth Sciences,Dr. Mohammad H. Makkawi
Earth Sciences,Abdullatif Al-Shuhail
Earth Sciences,Dr. Abdulaziz Al-Shaibani
Earth Sciences,Dr. Mustafa M. Hariri
Earth Sciences,Dr. Zulfiqar Ahmed
Earth Sciences,Dr. A. Abokhodair
Earth Sciences,Ali Osman Oncel
Earth Sciences,mahbub
Earth Sciences,Osman Abdullatif
Earth Sciences,Mohammad AL-Homud
Earth Sciences,Ali Al-Dakhil-Allah
Earth Sciences,A.adly Kh. Al-Saafin
Earth Sciences,SALEH S. M. AL-ENEZY
Earth Sciences,Abdulrahman Jarad
Earth Sciences,Khalid Al-Ramadan
Earth Sciences,Dr. SanLinn Isma'il Kaka
Earth Sciences,Abdullatif Qahwash
Earth Sciences,Dr. Bassam S Tawabini
Earth Sciences,Mohammad Ali Bin Bahauddin Qurban
Earth Sciences,Aldo Vesnaver
Earth Sciences,Abdullah Abdulaziz Alshuhail
Earth Sciences,Giulio Vignoli
Earth Sciences,Giovanni Michele Menanno
Earth Sciences,Ayman Fazea Saleh Al-Lehyani
Earth Sciences,Khalid Ahmed Muhammed Abdulrahman
Earth Sciences,Panteleimon Soupios
Finance & Economics,Zohair A. Yamani
Finance & Economics,Dr. Mubarak Al-Buraik Al-Ghamdi
Finance & Economics,Dr. Mohsen A. Al-Hajji
Finance & Economics,Dr. Ibrahim M. Algahtani
Finance & Economics,Hasn H Al-Abandi
Finance & Economics,Usamah Ahmed Uthman
Finance & Economics,Dr. Ali Habib Al-Elg
Finance & Economics,Dr. Mansur Masih
Finance & Economics,Dr Mohamed Aly Ramady
Finance & Economics,Dr. Yakubu Al-Haji Umar
Finance & Economics,Abdullah Mohammed AL Mansour
Finance & Economics,Monzurul Hoque
Finance & Economics,Omar Al-Titi
Finance & Economics,Musa Essayyad
Finance & Economics,Mohammed F. Alzahrani
Finance & Economics,Dr. Ashraf Galal Eid
Finance & Economics,Dr. Imad Jabir
Finance & Economics,Muhammad A. H. Musa
Finance & Economics,Mohammed A. Al-Sahlawi
Finance & Economics,Reza Fathollahzadeh Aghdam
Finance & Economics,Dr. Talat Ulussever
Finance & Economics,Dr. Khaled M. Albinali
Finance & Economics,Nabil Ghalleb
Finance & Economics,Bassam Hamdan
Finance & Economics,Fahad Assadi Alsubaie
Finance & Economics,Dr. Mohammad Sayed Hasan
Finance & Economics,Muhammad Saifur Rahman
Finance & Economics,Ahmed Ali Abdel Alim Khalifa
Finance & Economics,Ibrahim Naeem A. Al-Naeem
Finance & Economics,Hesham Jamil Merdad
Finance & Economics,Abdulmohsen Fahad Mohammad Bin Dawood
Finance & Economics,Boubacar Siddy Diallo
Information and Computer Science,Dr. Talal H. Maghrabi
Information and Computer Science,Husni Al-Muhtaseb
Information and Computer Science,Jaweed Yazdani
Information and Computer Science,Muhammad Waheed Aslam
Information and Computer Science,I Putu Danu Raharja
Information and Computer Science,Yaman Khaeruzzaman
Information and Computer Science,Moshood Omolade Saliu
Information and Computer Science,Mohammad Alshayeb
Information and Computer Science,Tarek Ahmed Helmy Elbasuny
Information and Computer Science,Khalid A. El-Badawi
Information and Computer Science,Mamdouh M. Najjar
Information and Computer Science,El-Sayed El-Alfy
Information and Computer Science,Murtaza Ali Khan
Information and Computer Science,Saquib Razak
Information and Computer Science,Ashraf E. Al-Fagih
Information and Computer Science,Muhammed Al-Mulhem
Information and Computer Science,Dr. Ishtiaq Ahmed Choudhry
Information and Computer Science,Fahad Al-Gahtani
Information and Computer Science,khalid azeem
Information and Computer Science,Jauhar Ali
Information and Computer Science,Dodi Ahmed
Information and Computer Science,Ahmed A. Bahjat
Information and Computer Science,Abdullah K. Al-Zamel
Information and Computer Science,Shouki Abdullah Abbad
Information and Computer Science,Faisal Alvi
Information and Computer Science,Hamoud Aljamaan
Information and Computer Science,Ebrahim Malalla
Information and Computer Science,"Al-Hashim, Amin G."
Information and Computer Science,Dr. Mahmoud Elish
Information and Computer Science,Khaled Salah
Information and Computer Science,Dr. Kanaan Abed Faisal
Information and Computer Science,Dr. Farag Azzedin
Information and Computer Science,Dr. Nasir A-Darwish
Information and Computer Science,Bashir Mohammed Ghandi
Information and Computer Science,Dr. Mohamed Balah
Information and Computer Science,mkrishna
Information and Computer Science,Sultan Almuhammadi
Information and Computer Science,sahl
Information and Computer Science,said
Information and Computer Science,Dr. Sabri A. Mahmoud
Information and Computer Science,Dr. Abdallah Al-Sukairi
Information and Computer Science,M.H.Al-Suwaiyel
Information and Computer Science,Wasfi Ghassan Al-Khatib
Information and Computer Science,Yahya Garout
Information and Computer Science,Salah Adam
Information and Computer Science,Dr. Muhammad Shafique
Information and Computer Science,"Ghouti, Lahouari"
Information and Computer Science,"Ahmed, Ejaz"
Information and Computer Science,"Ghandi, Bashir"
Information and Computer Science,"Al-Ghamdi, Jarallah"
Information and Computer Science,Sajjad Mahmood
Information and Computer Science,Karim Omar Elish
Information and Computer Science,Adil Abdulaziz S Alsuhaim
Information and Computer Science,Sami Mohamed Mahmoud Zhioua
Information and Computer Science,Ahmed Ibrahim Al-Herz
Information and Computer Science,Irfan Ahmad
Information and Computer Science,Mohamed El-Attar
Information and Computer Science,Samer Muhammad Adnan Arafat
Information and Computer Science,Abd-Nacer Bouchekhima
Information and Computer Science,Khalid Abdullah Aljasser
Information and Computer Science,Jameleddine Hassine
Information and Computer Science,Abdulaziz Muhammad Alkhoraidly
Information and Computer Science,Md. Rafiul Hassan
Information and Computer Science,Emad Yehia Ahmed Ramadan
Information and Computer Science,Mansour Ahmed Saad Alharthi
Information and Computer Science,Dr. Rabeah Abdulrahman Alzaidy
Information and Computer Science,Dr. Malak Salim Baslyman
Information and Computer Science,Dr. Imane Boudellioua
Information and Computer Science,Hamzah Abdullah Hamood Luqman
Information Tech. Center,Mohammad Ismail Hasan Amro
Mathematical Sciences,Dr Adnan A Al-Shakhs
Mathematical Sciences,Abdul-Rahman D. Al-Shallali
Mathematical Sciences,Walid S. Al-Sabah
Mathematical Sciences,Khaled Furati
Mathematical Sciences,Faisal Fairag
Mathematical Sciences,Hattan Tawfiq
Mathematical Sciences,Dr. Husain Al-Attas
Mathematical Sciences,Mohammed Samman
Mathematical Sciences,Bader Ahmed Al-Humaidi
Mathematical Sciences,Mr. Saeed Al-Garni
Mathematical Sciences,fiazuddin zaman
Mathematical Sciences,Dr. Mohamed El=Gebeily
Mathematical Sciences,Dr. Ghulam Kabir Beg
Mathematical Sciences,Dr. Rajai Alassar
Mathematical Sciences,salim Messaoudi
Mathematical Sciences,Professor Haydar Akca
Mathematical Sciences,Muhammad Ashfaq Bokhari
Mathematical Sciences,Shehadeh Yaqoub
Mathematical Sciences,Abdelkader Boucherif
Mathematical Sciences,Ashfaque H. Bokhari
Mathematical Sciences,Dr. S. Kabbaj
Mathematical Sciences,Marwan Al-Momani
Mathematical Sciences,Luai Al-Labadi
Mathematical Sciences,Dr. Jawad Abuihlail
Mathematical Sciences,SARHAN MAHMOUD ABDULGHANI
Mathematical Sciences,Prof. Abul Hasan Siddiqi
Mathematical Sciences,Prof. Bilal Chanane
Mathematical Sciences,Shamsuddin Khan
Mathematical Sciences,Dr. Abdulaziz M. Al-Assaf
Mathematical Sciences,Abdelwahab Kharab
Mathematical Sciences,Mohammad Abu-Sbeih
Mathematical Sciences,Dr. M. Tahir Mustafa
Mathematical Sciences,Bassam Al-Absi
Mathematical Sciences,Hassan Azad
Mathematical Sciences,Dr. Ibrahim Al-Rasasi
Mathematical Sciences,Esam Al-Sawi
Mathematical Sciences,Dr. Abdeslem Lyaghfouri
Mathematical Sciences,Anwar Joarder
Mathematical Sciences,Rahimov
Mathematical Sciences,Mohmmed Iqbal
Mathematical Sciences,Mohammad Farah Saleh
Mathematical Sciences,Hassen Muttlak
Mathematical Sciences,Dr. Aslam Chaudhry
Mathematical Sciences,Dr.Nasser-eddine Tatar
Mathematical Sciences,Abdul Rahim khan
Mathematical Sciences,SAMER MASLAMANI
Mathematical Sciences,Dr. Ali Cherid
Mathematical Sciences,Adnan Jibril
Mathematical Sciences,Al-Homdan Suleman
Mathematical Sciences,A. Laradji
Mathematical Sciences,Dr. Mohammad Al-Bar
Mathematical Sciences,Raid F. Anabosi
Mathematical Sciences,Qamrul Hasan Ansari
Mathematical Sciences,"Al-Shuabi, Abdulaziz"
Mathematical Sciences,Abdur-Rahim M. Farhat
Mathematical Sciences,Muhammad Anwar Chaudhry
Mathematical Sciences,"Musawar, Malik"
Mathematical Sciences,Yawvi A. Fiagbedzi
Mathematical Sciences,"Dr.A.Shawky,Ibrahim"
Mathematical Sciences,"Umar,Abdullahi"
Mathematical Sciences,"Latif,R"
Mathematical Sciences,Hussain Al-Soufi
Mathematical Sciences,Dr. Monther Alfuraidan
Mathematical Sciences,Abdeslam MIMOUNI
Mathematical Sciences,Dr. Walid Abu-Dayyeh
Mathematical Sciences,Dr. Mohammad H. Omar
Mathematical Sciences,Dr. Muhammad Yousuf
Mathematical Sciences,jaafar h. almutawa
Mathematical Sciences,Mostapha Kassem
Mathematical Sciences,Assane
Mathematical Sciences,Stephen Binns
Mathematical Sciences,Mihai Halic
Mathematical Sciences,Raymond Curran
Mathematical Sciences,Bernard Kuowei Ee
Mathematical Sciences,Khairul
Mathematical Sciences,khalid alshammari
Mathematical Sciences,Ahmad
Mathematical Sciences,Izhar Ahmed
Mathematical Sciences,Mohammed Mogib Mohammed Alshahrani
Mathematical Sciences,Othman Echi
Mathematical Sciences,Khaled Ali Ayed Al-Anazi
Mathematical Sciences,Dr. M.Amine Khansi
Mathematical Sciences,Slim Belhaiza
Mathematical Sciences,Parsa Bakhtary
Mathematical Sciences,Ryad Ahmad Ghanam
Mathematical Sciences,Muhammad Riaz
Mathematical Sciences,Ahmet Emin Tatar
Mathematical Sciences,Stefanos Christos Orfanos
Mathematical Sciences,Michael Caruana
Mathematical Sciences,Muhammad Islam Shafiq Ahmad Mustafa
Mathematical Sciences,Nadeem Ahmad Malik
Mathematical Sciences,Adel Khalfallah
Mathematical Sciences,Walid Khaled Sharabati
Mathematical Sciences,Qaiser Imam
Mathematical Sciences,Mohammad Aboshosha
Mathematical Sciences,Ahmad Yousef Al-Dweik
Mathematical Sciences,Azhar Iqbal
Mathematical Sciences,Mohammad Mustafa Mohammad Kafini
Mathematical Sciences,Nikolaos Nicolas Chatzissavvas Hadjisavvas
Mathematical Sciences,Munjed Hisham Mohammad Sammouh
Mathematical Sciences,Yassir Mohamed Khalid
Mathematical Sciences,Ali Nabi Duman
Mathematical Sciences,Hafiz Fukhar-ud-din
Mathematical Sciences,Mohsen Ghanem Abdullah Alshahrani
Mathematical Sciences,Abdulelah Mohammed Qadiri
Mathematical Sciences,Dr. Manal Thawab Alotibi
Mechanical Engineering,Amro Al-Qutub
Mechanical Engineering,Fahad A. Al-Sulaiman
Mechanical Engineering,Ahmet Ziyaettin Sahin
Mechanical Engineering,Mohamed A. Antar
Mechanical Engineering,Mohammed Faisal M. Ahmed
Mechanical Engineering,Mohammed Abdul Samad
Mechanical Engineering,Khalid Sheltami
Mechanical Engineering,Zaki Ahmad
Mechanical Engineering,Abul-Fazal M. Arif
Mechanical Engineering,Luai Al-Hadhrami
Mechanical Engineering,Mr Colin Hatfield
Mechanical Engineering,Dr. Mohammed Omar Budair
Mechanical Engineering,Mehmet Sunar
Mechanical Engineering,Bekir Sami Yilbas
Mechanical Engineering,Zuhair M. Gasem
Mechanical Engineering,Prof. Yehia Khulief
Mechanical Engineering,Faleh A. Al-Sulaiman
Mechanical Engineering,Y. N. Al-Nassar
Mechanical Engineering,hussaini
Mechanical Engineering,Nesar Merah
Mechanical Engineering,Haitham M. S. Bahaidarah
Mechanical Engineering,Dr. Mohammad Shaye Al-Qahtani
Mechanical Engineering,ABDULGHANI AL-FARAYEDHI
Mechanical Engineering,Dr. Hussain Al-Qahtani
Mechanical Engineering,tony vernon
Mechanical Engineering,Jafar Al Bin Mousa
Mechanical Engineering,Mohammed Taher Mohiuddin
Mechanical Engineering,Dr. Saif Ahmad Al-Kaabi
Mechanical Engineering,Shahzada Zaman Shuja
Mechanical Engineering,Abdul Aleem B. Jabbar
Mechanical Engineering,ITC\ABAZOUNE
Mechanical Engineering,Dr. Zafarullah Khan
Mechanical Engineering,Dr. M. A. Habib
Mechanical Engineering,Dr. Shafique Khan
Mechanical Engineering,Dr. Nouari Saheb
Mechanical Engineering,M. A. Hawwa
Mechanical Engineering,Dr. Taofeek Ayinde
Mechanical Engineering,Dr. P. Gandhidasan
Mechanical Engineering,Faheemuddin Patel
Mechanical Engineering,Abdel-Salam M. Eleiche
Mechanical Engineering,Muhammad Kamran Raza
Mechanical Engineering,Muhammad Younas
Mechanical Engineering,Dr Tahar Laoui
Mechanical Engineering,Dr. Hassan M. Badr
Mechanical Engineering,Rashed Mansour
Mechanical Engineering,Numan Abu-Dheir
Mechanical Engineering,Dr. Ibrahim M. Allam
Mechanical Engineering,Dr.Habib Abualhamayel
Mechanical Engineering,Mr. Inam Muhammad
Mechanical Engineering,Dr. Esmail M. A. Mokheimer
Mechanical Engineering,Wael Fallatah
Mechanical Engineering,Maged Ahmed Ibrahim El-Shaarawi
Mechanical Engineering,Syed-Ahmad M. Said
Mechanical Engineering,John O'Brien
Mechanical Engineering,Mohammed Yaqub
Mechanical Engineering,Meamer El Nakla
Mechanical Engineering,Abdelsalam Mohammad Al-Sarkhi
Mechanical Engineering,Wael Hasan Ahmed
Mechanical Engineering,Ali Abdullah Alsaeed
Mechanical Engineering,Ihsan-ul-Haq Toor
Mechanical Engineering,Syed Sohail Akhtar
Mechanical Engineering,Hassen Ouakad
Mechanical Engineering,Obaidallah Mohammad Munteshari
Mechanical Engineering,Khalid Shah Nawaz
Mechanical Engineering,Atef Saeed Misfer Al Zahrani
Mechanical Engineering,Mostafa Hamed Ahmed Elsharqawy
Mechanical Engineering,Syed Mohammad Zubair
Mechanical Engineering,Ali Mohammad Ali Alshehri
Mechanical Engineering,Ahmed Aly Diaa Mohammed Sarhan
Management and Marketing,khaled A. Bubshait
Management and Marketing,DR. MUHAMMAD ABDALLAH AL-BURAEY
Management and Marketing,Dr. Jamal Ahmed Al-Zayer
Management and Marketing,Dr. Salem M. al-Ghamdi
Management and Marketing,Dr. Aref Abdullah Al-Ashban
Management and Marketing,Obaid Saad Alabdali
Management and Marketing,Hani M. S. Al-Kadi
Management and Marketing,Daniel Murteza
Management and Marketing,Dr. Taqi N. Al-Faraj
Management and Marketing,Sammer Hammad
Management and Marketing,Abdul Rahman A. Almulhem
Management and Marketing,mustapha achoui
Management and Marketing,Mohammad S. Al-ghamdi
Management and Marketing,Dr Mohand-Said Oukil
Management and Marketing,Dr. Abdulwahab S. Al-Gahtani
Management and Marketing,Dr. Mourad Mansour
Management and Marketing,Mohamed Youssef
Management and Marketing,Khaled M. Al-Zamel
Management and Marketing,Dr. Abdulrahim A. Al-Meer
Management and Marketing,Dr. Alhassan G. Abdul-Muhmin
Management and Marketing,Obaid Al-Shuridah
Management and Marketing,Hussein El-Omari
Management and Marketing,Azhar Kazmi
Management and Marketing,Aymen Kayal
Management and Marketing,Muhammad Jameel Qazi
Management and Marketing,Dr. Marwan Al Qur'an
Management and Marketing,Dr. Robert A. Opoku
Management and Marketing,ELGAILY AHMED ELTAYEB
Management and Marketing,Dr. Saleh AlShebil
Management and Marketing,Roland K. Yeo
Management and Marketing,DR. RAZALI BIN MAT ZIN
Management and Marketing,Dr Muhammed Asad Sadi
Management and Marketing,Mohammed Sadiq Sohail
Management and Marketing,Abdallah M Elamin
Management and Marketing,Mohamed Osman Shereif Mahdi
Management and Marketing,Sami Abdallah Alwuhaibi
Management and Marketing,Husain Dhawi Husain Al-Qahtani
Management and Marketing,Nasser Ali Nasser Al-Qahtani
Management and Marketing,Kwabena Frimpong
Accounting and Management Information Systems,Dr. Ibrahim M. Al-Jabri
Accounting and Management Information Systems,Dr. Muhammad AL-Hazmi
Accounting and Management Information Systems,Dr. Jassim S. Al-Rumaihi
Accounting and Management Information Systems,Ahmed S. Al-Ojairi
Accounting and Management Information Systems,Waleed Bahamdan
Accounting and Management Information Systems,Muhammad Islam
Accounting and Management Information Systems,Irfan Ilyas
Accounting and Management Information Systems,Dr. Amine Nehari Talet
Accounting and Management Information Systems,Muhammad Al-Khaldi
Accounting and Management Information Systems,Dr. Abdullah D. Alharbi
Accounting and Management Information Systems,Prof. Abdullah H. Al-Abdul-Gader
Accounting and Management Information Systems,Abdul Hadi Alhulimy
Accounting and Management Information Systems,Mustafa Ahmed
Accounting and Management Information Systems,Dr. Nassar M. Shaikh
Accounting and Management Information Systems,Hussam
Accounting and Management Information Systems,Syed Arshad Raza
Accounting and Management Information Systems,Sultan Mohammed AlKhateeb
Accounting and Management Information Systems,Dr. Israr Khan
Accounting and Management Information Systems,Mustafa Eid
Accounting and Management Information Systems,"Fallatah, Yaser Ahmed"
Petroleum Engineering,Muhammad Ali Al-Marhoun
Petroleum Engineering,Dr. Sidqi A. Abu-Khamsin
Petroleum Engineering,Dr. Hasan S. Al-Hashim
Petroleum Engineering,Hasan Yousef Al-Yousef
Petroleum Engineering,Abdullah S. Sultan
Petroleum Engineering,Dr. Abdulaziz Al-Majed
Petroleum Engineering,Mansour Muhammad Al-Dhafeer
Petroleum Engineering,Dr. El-Sayed A. Osman
Petroleum Engineering,Ibrahim Kocabas
Petroleum Engineering,Mohammed Enamul Hossain
Petroleum Engineering,Arun T.A. Kumar
Petroleum Engineering,Abeeb Adebowale Awotunde
Petroleum Engineering,Dhafer Abdullah Al Shehri
Petroleum Engineering,Najmudeen Sibaweihi
Physics,Dr. Ali Mohammad Al-Shukri
Physics,Dr. Mohammed Ali Al-Solami
Physics,Mohamed A. AL-Nasser
Physics,Prof. Dr. Mohammad I. Al-Jarallah
Physics,Dr. Mahmoud Mohammad Nagadi
Physics,M A. Garwan
Physics,ali
Physics,al-aithan
Physics,Dr. Rafat M. Nassar
Physics,Mohammad Al-Kuhaili
Physics,ABDULLAH AL SUNAIDI
Physics,Zain Hassan Yamani
Physics,Saeed Majed AL-Marzoug
Physics,Omar Binbrek
Physics,Prof. Dr. Ibraheem M. A. Nasser
Physics,Mohamed S Kariapper
Physics,Abdelkarim Mekki
Physics,Tabet
Physics,Mohamed M Faiz
Physics,M. -R .Khodja
Physics,Khateeb-ur-Rehman
Physics,Ayman A Ghannam
Physics,Anan Al-Karmi
Physics,Ahmed F. Salem
Physics,Dr. Nabil Maalej
Physics,Mogtaba B. Mekki
Physics,Fuad Mohammad Enaya
Physics,Dr. Mohammed S. Abdelmonem
Physics,abdulaziz aljalal
Physics,Raef SABANEH
Physics,Professor Guldad K. Khattak
Physics,Astra Agus Pramana
Physics,Fazal-ur-Rehman
Physics,Dr. Saleh I. Al-Quraishi
Physics,Dr. Motaheruddin Ahmed
Physics,Dr. Saeed Mohammed Alamoudi
Physics,Prof. Akhtar A. Naqvi
Physics,Dr. M. A. Gondal
Physics,Dr. Sardar M. Ayub
Physics,Khalil Ali Ziq
Physics,Dr. Ezzat Hegazi
Physics,Professor Mohammad Aslam Khan
Physics,Mahmoud Hezam
Physics,Dr. Fatah Zouhir Khiari
Physics,Dr. Abdulkadir Aksoy
Physics,Fida F. AL-ADEL
Physics,Hocine Bahlouli
Physics,Abdallah M. Al Zahrani
Physics,Amjad Bajes Khalil
Physics,Raashid Muhammad
Physics,Jihad H Al-Sadah
Physics,Abdulhafez Selim
Physics,Khaled Gasmi
Physics,Shankar Kunwar
Physics,Ahmad Ibrahim Mansour
Physics,Mohamed Abdulkader Dastageer
Physics,Muhammad Baseer Haider
Physics,Mohammad Azadul Islam
Physics,Khalil Ben Ali Harrabi
Physics,Ayman Sherif El-Said
Physics,Nidal Khaled Mohammed Dwaikat
Physics,Fawaz Yousef Ebeid Hrahsheh
Physics,Nikolaos Konstantinidis
Physics,Papa Birame Ndiaye
Physics,Morad Khalid Ali Hamad
Physics,Qing Peng
Research Institute,Dr. Faouzi M. Khene
Research Institute,Mohammad Ashraf Ali
Research Institute,Rizwanullah Khan
Research Institute,Dr. Abdulaziz Suwailem
Research Institute,Dr. Tarek Abdelgalil
Research Institute,Abdallah Harouaka
Research Institute,Wasef A. Nofal
Research Institute,Syed Zeeshan Jilani
Research Institute,SHAFIQUR REHMAN
Research Institute,Ali Sahin
Research Institute,Dr. Muhammad Kalimur Rahman
Research Institute,Fareeduddin Ahmad
Research Institute,Syed Ahmed Ali
Research Institute,Muhammad Atiqullah
Systems Engineering,Mohammad Faroug Addas
Systems Engineering,Mazen M. Al-Rougi
Systems Engineering,Tahir Ayar
Systems Engineering,Atique Siddiqui
Systems Engineering,Dr. Mansour Aldajani
Systems Engineering,Muhammad Al-Salamah
Systems Engineering,Muhammad Al-Zahrani
Systems Engineering,Syed Ameenuddin Hussain
Systems Engineering,Hussain Abdul Hamed Al-Awami
Systems Engineering,Dr. Samir Hasan Al-Amer
Systems Engineering,Hesham Alfares
Systems Engineering,Anas Al-Ghazi
Systems Engineering,Shaikh Arifusalam
Systems Engineering,Muhammad Al-Haboubi
Systems Engineering,Haitham H. H. Saleh
Systems Engineering,Khaled Hashim Al-Shareef
Systems Engineering,Abdulrhman Suliman Abdulrahman Alessa
Systems Engineering,Magdi S. Mostafa Mahmoud Mahmoud
Systems Engineering,Amar Bachir Amar Khoukhi
Systems Engineering,Mujahed Mohammed Aldheefallah
Systems Engineering,Moustafa Elshafei Ahmed Elshafei
Systems Engineering,Salih Osman Duffuaa
Systems Engineering,Abdulbasit A. Andijani
Systems Engineering,Muhammad Hasan Yousef Al-Yagoub
Systems Engineering,Yasser Adel Al-Moghathawi
Systems Engineering,Abdulrahim Okleh Shamayleh
Systems Engineering,Abdul Qadar Kara
Systems Engineering,Khaled Mohammed A. Alshehri
Systems Engineering,Ismail Ibrahim Abbas Al-Maraj
Systems Engineering,Ali Hassan Mohammed Hjaar
Systems Engineering,Ahmad Ali Yeslam Baubaid
Systems Engineering,Mohammed Ibrahim Kmal Abouheaf
Systems Engineering,Harun Pirim
Systems Engineering,Sayyid Anas Vaqar
Systems Engineering,Heungjo An
Systems Engineering,Naqeebuddin Mujahid Syed
Systems Engineering,Nabil Nahas
Physical Education,Omar Aburomia
Physical Education,abuhilal
Physical Education,abdulaziz aldayel
Physical Education,Mohammed Mostafa Al-Swaifi
Physical Education,abedalhameed alameer
Physical Education,Moataz Hassanain
Physical Education,abdalla said
Physical Education,adel nooraldeen
Physical Education,ali ibeid
Physical Education,Dr. Alaa Eldin Eliwa
Physical Education,Dr. Kaukab Azeem
Physical Education,ibrahim gassour
Physical Education,Mohammad Hamdan
Physical Education,adel namori
Physical Education,Rakesh Tomar
Physical Education,Abbas Taqi Abdrab Alhussian Al-Saif
Physical Education,Hassan Bin Abdulkareem Hassan Almoslim
Physical Education,Habib Ali Habib Rabaan
Physical Education,Syed Ibrahim
Physical Education,Yahya Daoud Ahmed Daoud
Physical Education,Abdussalam Kanniyan
Physical Education,Ibrahim Hamoud ِAleidi
Physical Education,Fahad Ibrahim Essa Bin Radhyan
Physical Education,Abdullah Ali Alwaleedi
Physical Education,Seungmin Shin
Islamic & Arabic Studies,Dr. Mohammed Saleh Ashoor
Islamic & Arabic Studies,Dr. Ahmed M. Al-Matouq
Islamic & Arabic Studies,Dr. Abdull-Malik Kadi
Islamic & Arabic Studies,Dr. Mohsen Al-Nemari
Islamic & Arabic Studies,Saleh A. Al-Baridi
Islamic & Arabic Studies,Dr. A/R howsawi
Islamic & Arabic Studies,Dr. Hasan Sendi
Islamic & Arabic Studies,Dr. Esam Al-Humaidan
Islamic & Arabic Studies,Dr. Mesfer Ali Al-Qahtani
Islamic & Arabic Studies,Dr. Saeed Al-Qahtani
Islamic & Arabic Studies,Dr. Sultan Bin Hethlen
Islamic & Arabic Studies,Dr. Khalid AL-Twaigri
Islamic & Arabic Studies,Dr. Al-Amin Al-Mobarak
Islamic & Arabic Studies,osamhmulla
Islamic & Arabic Studies,Dr. Abdull-Kareem Al-Zahrani
Islamic & Arabic Studies,Dr. Hassan Ali Qarawi
Islamic & Arabic Studies,Dr. Hafiz Afzal
Islamic & Arabic Studies,Dr. Abdullah Al-Assaf
Islamic & Arabic Studies,Dr. Abdullah Omar Ibrahim
Islamic & Arabic Studies,Dr. Abdull-Razzaq Hussein
Islamic & Arabic Studies,Dr. Moahmmed AL-Idaros
Islamic & Arabic Studies,Dr. Khalid H. Al-Abri
Islamic & Arabic Studies,Dr. Abdull-Rahman AL-Osail
Islamic & Arabic Studies,khulaifi
Islamic & Arabic Studies,Jmail Al Garariah
Islamic & Arabic Studies,mashooqi
Islamic & Arabic Studies,Mohammed Al-Zamil
Islamic & Arabic Studies,Dr. Salman Al-Dukhayel
Islamic & Arabic Studies,Dr. Abu Sagar
Islamic & Arabic Studies,EMAD AHMED MAKKI
Islamic & Arabic Studies,Saed AL-Amri
Islamic & Arabic Studies,Khalid Al-Muzeini
Islamic & Arabic Studies,Dr. Khedair Saud Al-Khedair
Islamic & Arabic Studies,Salah Fahd Al-Shalhoob
Islamic & Arabic Studies,Khaled Abdul Aziz Al-Sulaiman
Islamic & Arabic Studies,Abdullatif Y S ALmogren
Islamic & Arabic Studies,Essam Eid Fahmy Osman
Islamic & Arabic Studies,Dr. Eid R. Al-Harby
Islamic & Arabic Studies,Abdulmajeed Ebraheem Mubarak
Islamic & Arabic Studies,Muosa Wasl Waslallah Al-Sulami
Islamic & Arabic Studies,Khalid Saber Al-Gamdi
Islamic & Arabic Studies,Abdalrhuman Hamad Al-Khaledi
Islamic & Arabic Studies,Yahya Saleh Al-Zhrani
Islamic & Arabic Studies,Mohammed Jarallah Ahmed Al Zahrani
Islamic & Arabic Studies,Abdulrahman Khalid Al-Saadi
Islamic & Arabic Studies,Tariq Mohammed Almugim
Islamic & Arabic Studies,Khalid Qasem Mohammed Al Jurayan
Islamic & Arabic Studies,Rakan Fahad Alharbi
Graduate Studies,Dr. Shafi Aldamer
Graduate Studies,DR. MOHAMMAD A. AL-OHALI
Deanship of Academic Development,Junaid Abdul Wahid Siddiqui
Deanship of Academic Development,Sahel N. Abduljauwad
Deanship of Academic Development,Dhaifallah Almatrodi
RECTOR OFFICE,"Dr. Budair, Mohammed O."
University Diploma Programs,Kashif Jalal Syed
University Diploma Programs,Timothy Nelson
Dammam Community College,Rashid Ali Khan
Dammam Community College,Omar Arbab Ahmed
Dammam Community College,Robert Harpool
Dammam Community College,Ja'far Railton
Dammam Community College,Saleem Hassan Alfaqieh
Dammam Community College,Shamsoodien Parker
Dammam Community College,William H. Joyner
Dammam Community College,Edward Joyner
Dammam Community College,Lecturer Hussam Rajab
Dammam Community College,Allan Hamdan
Dammam Community College,Nazeem Davids
Dammam Community College,Kevin Jones
Dammam Community College,Syed Noaman Ali
Dammam Community College,Arshad Aziz
Dammam Community College,Tariq Ibn Aziz
Dammam Community College,Dr Ali Al-Karkhy
Dammam Community College,Dr. Ahmed Bouketir
Dammam Community College,Faslie Miller
Dammam Community College,Ronan Walshe
Dammam Community College,Hani Al-Mohair
Dammam Community College,Said Omar Berrimi
Dammam Community College,Faisal Ahmed AlMuhana
Aerospace Engineering,Dr. Hanafy Omar
Aerospace Engineering,Dr. Abdullah M. Al-Garni
Aerospace Engineering,Ayman Muhammad Abdallah
Aerospace Engineering,BILAL AHMED SIDIQUI
Aerospace Engineering,Salman AL-Fifi
Aerospace Engineering,Wael G. Abdelrahman
Aerospace Engineering,Dr. Ayman Kassem
Aerospace Engineering,Dr. Ahmed Z. Al-Garni
Aerospace Engineering,Ahmad Jamal
Aerospace Engineering,Ibrahim Mustafa Mehedi
Aerospace Engineering,Farooq Saeed
Aerospace Engineering,Prasetyo Edi
Aerospace Engineering,Mohammed Niyasdeen Nejaamtheen
General Studies Department,Nawaf Al-Madkhli
General Studies Department,Ahmed Bendania
General Studies Department,Guoping Jiang
General Studies Department,Christopher Paul Garris
General Studies Department,Aly Aly Moftah
General Studies Department,Haydar Badawi Sadig
General Studies Department,Timm Lau
General Studies Department,Sultan Meshal Al-Otaibi
General Studies Department,Mark Colin Thompson
General Studies Department,Haytham Salem Althubaiti
General Studies Department,Sumanto Al Qurtuby
General Studies Department,Abdurrahim Siradag
General Studies Department,Tarik Noureldeen Mohamed Abdelrheem
General Studies Department,Gregory Bibby Bonn
General Studies Department,Muhammad Aurang Zeb Hameedullah Mughal
General Studies Department,Muhammad Saeed
General Studies Department,Simeon Sypros Magliveras
General Studies Department,Calvin George Jr Burns
Center of Research Excellence in Nanotechnology,Ahsan-ul-Haq Qurashi
Center of Research Excellence in Nanotechnology,Belabbes Ahmed Merzougui
Center of Research Excellence in Nanotechnology,Rafil Abdulkadir Basheer
Center of Research Excellence in Nanotechnology,Dr. Mohammad Qamar
Center of Research Excellence in Nanotechnology,Dr. Abbas Hakeem
Center of Research Excellence in Nanotechnology,Dr. Nedal Abu-Thabit
Center of Research Excellence in Nanotechnology,Dr. Abdouelilah Hachimi
Center Of Research Excellence In Corrosion,Ahmad A. Sorour
Center Of Research Excellence In Corrosion,Mumtaz Quraishi
Center Of Research Excellence In Corrosion,Ime Bassey Obot
Center Of Research Excellence In Corrosion,Saviour Umoren
Center Of Research Excellence In Corrosion,Rami Suleiman
Center Of Research Excellence In Corrosion,Mohamed Hussein
Center Of Research Excellence In Corrosion,Mizanur Rahman
Center Of Research Excellence In Corrosion,A. Madhan Kumar
Center Of Research Excellence In Corrosion,Saji S. Viswanathan
Center Of Research Excellence In Corrosion,Moses M. Solomon
Center Of Research Excellence In Corrosion,Onyeachu B. Ikenna
Center Of Research Excellence In Corrosion,Dheeraj S. Chauhan
Center Of Research Excellence In Corrosion,Akeem Y. Adesina
Center Of Research Excellence In Corrosion,Kashif R. Ansari